Customer_ID,Age,Gender,Annual_Income,Spending_Score,Subscription_Type,Region,Churn
CUST1000,44,Unknown,84992,NULL,Unknown,East,NULL
CUST1000,44,Unknown,84992,NULL,Premium,South,Yes
CUST1000,64,Unknown,61387,NULL,Standard,South,NULL
CUST1001,44,Female,112895,NULL,Unknown,North,No
CUST1002,44,Unknown,29400,NULL,Standard,Unknown,NULL
CUST1002,44,Unknown,88431,NULL,Unknown,West,NULL
CUST1004,59,Male,84992,16,Unknown,West,Yes
CUST1005,44,Male,97092,NULL,Premium,South,No
CUST1005,44,Male,84992,3,Unknown,East,NULL
CUST1006,64,Female,84992,NULL,Unknown,East,No
CUST1007,44,Female,84992,NULL,Unknown,South,Yes
CUST1008,44,Female,84992,NULL,Premium,Unknown,No
CUST1008,49,Female,84992,NULL,Standard,Unknown,No
CUST1009,44,Unknown,84992,62,Unknown,Unknown,Yes
CUST1009,34,Unknown,84992,NULL,Unknown,West,NULL
CUST1011,67,Female,84992,18,Basic,North,Yes
CUST1012,44,Female,84992,NULL,Premium,East,No
CUST1014,44,Unknown,84992,NULL,Premium,East,NULL
CUST1014,63,Unknown,84992,NULL,Unknown,West,No
CUST1015,35,Female,84992,NULL,Unknown,South,NULL
CUST1016,18,Male,84992,45,Premium,East,No
CUST1017,44,Male,84992,7,Unknown,West,No
CUST1018,44,Female,55389,NULL,Premium,South,Yes
CUST1018,44,Female,84992,NULL,Standard,East,No
CUST1021,27,Unknown,84992,NULL,Basic,South,Yes
CUST1023,44,Unknown,28994,NULL,Premium,East,NULL
CUST1025,57,Male,76193,NULL,Basic,West,Yes
CUST1025,44,Male,132837,NULL,Unknown,Unknown,Yes
CUST1028,44,Male,83333,42,Standard,South,NULL
CUST1029,44,Female,84992,NULL,Unknown,East,NULL
CUST1031,44,Unknown,84992,NULL,Basic,East,NULL
CUST1032,44,Male,84992,NULL,Standard,North,NULL
CUST1033,44,Female,84992,NULL,Basic,Unknown,Yes
CUST1033,44,Female,84992,16,Unknown,Unknown,No
CUST1033,44,Male,84992,NULL,Standard,South,NULL
CUST1034,44,Male,103915,NULL,Unknown,West,NULL
CUST1034,37,Male,84992,NULL,Unknown,West,NULL
CUST1034,44,Male,84992,NULL,Basic,North,NULL
CUST1035,44,Unknown,84992,NULL,Basic,Unknown,Yes
CUST1039,44,Male,84992,NULL,Unknown,West,No
CUST1039,44,Male,104006,NULL,Unknown,East,No
CUST1043,44,Female,84992,50,Basic,East,Yes
CUST1044,44,Unknown,110506,NULL,Standard,East,Yes
CUST1046,44,Unknown,84992,NULL,Basic,Unknown,Yes
CUST1047,44,Male,84992,NULL,Unknown,West,No
CUST1047,32,Male,84992,NULL,Unknown,Unknown,Yes
CUST1047,44,Female,84992,87,Standard,East,Yes
CUST1048,44,Unknown,84992,NULL,Unknown,West,NULL
CUST1049,44,Female,84992,NULL,Unknown,Unknown,No
CUST1049,44,Female,84992,NULL,Standard,Unknown,Yes
CUST1050,44,Female,84992,NULL,Premium,East,Yes
CUST1052,44,Female,84992,NULL,Basic,East,Yes
CUST1052,58,Female,93726,60,Basic,North,Yes
CUST1053,44,Male,84992,NULL,Premium,Unknown,Yes
CUST1055,44,Female,84992,66,Unknown,Unknown,Yes
CUST1055,70,Female,124527,NULL,Basic,North,Yes
CUST1057,65,Male,84992,67,Basic,Unknown,NULL
CUST1057,44,Male,84992,NULL,Unknown,West,Yes
CUST1058,44,Male,84992,NULL,Standard,Unknown,Yes
CUST1058,44,Male,54651,NULL,Basic,Unknown,No
CUST1059,55,Unknown,84992,NULL,Unknown,Unknown,Yes
CUST1060,44,Female,84992,NULL,Unknown,Unknown,NULL
CUST1061,44,Unknown,84992,NULL,Unknown,Unknown,NULL
CUST1064,44,Unknown,84992,NULL,Standard,Unknown,Yes
CUST1065,44,Male,84992,NULL,Standard,East,NULL
CUST1066,44,Female,84992,NULL,Standard,Unknown,NULL
CUST1066,44,Female,72054,NULL,Standard,West,NULL
CUST1068,44,Female,40725,NULL,Basic,North,No
CUST1068,44,Female,84992,83,Basic,East,No
CUST1068,44,Female,84992,89,Unknown,West,NULL
CUST1073,44,Male,84992,58,Standard,Unknown,NULL
CUST1075,44,Unknown,84992,NULL,Standard,West,No
CUST1077,44,Female,84992,NULL,Standard,North,Yes
CUST1078,44,Female,84992,NULL,Basic,Unknown,NULL
CUST1079,44,Female,84992,NULL,Standard,North,No
CUST1079,44,Female,84992,NULL,Unknown,North,NULL
CUST1079,24,Male,84992,NULL,Premium,Unknown,NULL
CUST1079,44,Female,84992,66,Standard,West,Yes
CUST1079,44,Male,84992,NULL,Unknown,North,No
CUST1080,44,Female,84992,NULL,Basic,North,No
CUST1080,44,Female,106736,NULL,Standard,West,Yes
CUST1081,44,Unknown,84992,NULL,Unknown,East,NULL
CUST1082,44,Male,84992,NULL,Basic,South,NULL
CUST1082,20,Female,84992,66,Standard,Unknown,Yes
CUST1082,44,Male,84992,NULL,Unknown,Unknown,No
CUST1082,44,Female,84992,NULL,Standard,East,No
CUST1085,44,Female,84992,NULL,Basic,South,No
CUST1085,44,Female,59718,NULL,Basic,North,No
CUST1086,22,Male,84992,NULL,Unknown,East,NULL
CUST1087,44,Male,84992,28,Basic,Unknown,Yes
CUST1088,44,Female,84992,42,Unknown,North,Yes
CUST1088,44,Female,84992,NULL,Standard,South,NULL
CUST1089,44,Unknown,84992,59,Unknown,South,No
CUST1093,44,Female,84992,NULL,Premium,Unknown,NULL
CUST1093,44,Female,84992,NULL,Unknown,East,Yes
CUST1093,39,Female,84992,NULL,Unknown,South,NULL
CUST1093,44,Female,84992,NULL,Unknown,East,Yes
CUST1095,44,Female,84992,NULL,Unknown,North,No
CUST1095,44,Female,84992,NULL,Unknown,West,No
CUST1096,44,Female,84992,NULL,Unknown,North,NULL
CUST1097,44,Male,111283,NULL,Standard,Unknown,Yes
CUST1097,44,Male,84992,NULL,Unknown,East,Yes
CUST1098,44,Male,84992,26,Unknown,Unknown,Yes
CUST1098,50,Male,84992,NULL,Basic,West,NULL
CUST1098,44,Male,84992,9,Premium,North,No
CUST1099,44,Male,84992,88,Basic,Unknown,No
CUST1099,44,Male,93195,NULL,Basic,South,No
CUST1099,44,Male,45965,NULL,Unknown,South,Yes
CUST1100,44,Unknown,84992,97,Unknown,West,Yes
CUST1102,44,Female,84992,4,Basic,Unknown,NULL
CUST1103,44,Female,84992,NULL,Premium,East,NULL
CUST1103,44,Female,84992,61,Basic,East,NULL
CUST1103,47,Male,84992,87,Standard,Unknown,Yes
CUST1104,44,Male,84992,NULL,Unknown,West,No
CUST1104,44,Male,84992,45,Unknown,North,NULL
CUST1105,44,Unknown,84992,NULL,Premium,Unknown,Yes
CUST1107,44,Male,84992,84,Unknown,North,No
CUST1108,34,Male,80368,NULL,Basic,South,NULL
CUST1109,44,Male,84992,NULL,Standard,North,NULL
CUST1109,44,Male,28557,NULL,Unknown,North,NULL
CUST1109,44,Female,84992,NULL,Basic,North,Yes
CUST1109,44,Male,113314,94,Basic,North,No
CUST1114,44,Male,84992,NULL,Unknown,West,NULL
CUST1115,41,Female,84992,NULL,Premium,South,NULL
CUST1115,47,Male,84992,NULL,Premium,Unknown,NULL
CUST1116,44,Male,84992,NULL,Unknown,Unknown,No
CUST1118,65,Male,84992,25,Unknown,North,Yes
CUST1118,44,Female,84992,NULL,Unknown,Unknown,Yes
CUST1119,44,Male,84992,NULL,Unknown,Unknown,NULL
CUST1119,44,Male,84992,NULL,Unknown,Unknown,Yes
CUST1120,44,Male,84992,79,Premium,West,No
CUST1120,44,Male,84992,NULL,Unknown,North,NULL
CUST1120,44,Male,84992,NULL,Unknown,South,No
CUST1120,27,Male,84992,50,Basic,West,NULL
CUST1121,44,Male,84992,NULL,Premium,South,NULL
CUST1122,40,Male,32680,NULL,Unknown,Unknown,Yes
CUST1122,44,Male,84992,NULL,Unknown,Unknown,No
CUST1123,25,Male,84992,84,Premium,Unknown,NULL
CUST1123,41,Male,84992,NULL,Basic,Unknown,NULL
CUST1124,44,Female,147846,NULL,Unknown,Unknown,No
CUST1124,44,Female,84992,6,Standard,Unknown,No
CUST1125,44,Unknown,90519,NULL,Premium,North,Yes
CUST1128,44,Male,50439,NULL,Basic,Unknown,NULL
CUST1128,29,Male,81864,65,Premium,East,Yes
CUST1129,44,Unknown,84992,NULL,Standard,East,No
CUST1130,44,Female,84992,12,Basic,West,NULL
CUST1130,44,Male,84992,NULL,Premium,North,Yes
CUST1130,39,Female,84992,13,Unknown,Unknown,Yes
CUST1131,44,Male,84992,78,Unknown,Unknown,No
CUST1131,66,Male,24498,NULL,Basic,South,Yes
CUST1132,44,Female,84992,51,Premium,South,Yes
CUST1132,44,Female,54030,73,Premium,Unknown,Yes
CUST1135,44,Female,84992,26,Premium,West,Yes
CUST1136,44,Male,84992,NULL,Standard,West,No
CUST1136,51,Male,84992,NULL,Unknown,South,NULL
CUST1139,44,Male,84992,NULL,Standard,West,NULL
CUST1141,44,Male,84992,NULL,Unknown,South,NULL
CUST1143,44,Male,55317,NULL,Unknown,Unknown,No
CUST1143,44,Male,84992,NULL,Standard,North,NULL
CUST1146,44,Unknown,84992,NULL,Unknown,East,No
CUST1146,35,Unknown,84992,63,Unknown,West,NULL
CUST1147,44,Female,84992,NULL,Premium,Unknown,NULL
CUST1148,44,Female,84992,NULL,Unknown,Unknown,No
CUST1148,44,Female,79581,NULL,Unknown,Unknown,Yes
CUST1148,44,Male,84992,NULL,Unknown,West,Yes
CUST1149,51,Female,31763,NULL,Unknown,Unknown,No
CUST1152,44,Female,84992,NULL,Premium,Unknown,Yes
CUST1152,44,Female,136318,NULL,Unknown,East,No
CUST1155,44,Male,84992,41,Unknown,South,No
CUST1157,60,Male,84992,NULL,Premium,West,NULL
CUST1158,44,Unknown,84992,NULL,Standard,Unknown,Yes
CUST1161,30,Female,84992,83,Basic,North,NULL
CUST1161,32,Male,84992,59,Premium,East,NULL
CUST1161,44,Female,84992,NULL,Premium,Unknown,NULL
CUST1162,44,Male,137273,45,Standard,Unknown,No
CUST1163,44,Female,84992,NULL,Unknown,South,NULL
CUST1165,44,Unknown,100082,NULL,Basic,North,No
CUST1168,44,Female,84992,NULL,Unknown,South,Yes
CUST1168,44,Female,84992,NULL,Unknown,South,Yes
CUST1169,44,Male,84992,NULL,Unknown,North,No
CUST1169,61,Male,84992,NULL,Unknown,West,NULL
CUST1171,44,Female,84992,NULL,Premium,North,Yes
CUST1172,44,Unknown,84992,NULL,Unknown,East,No
CUST1173,44,Male,84992,NULL,Basic,Unknown,No
CUST1173,44,Female,84992,NULL,Unknown,South,No
CUST1174,44,Female,84992,36,Basic,North,Yes
CUST1174,44,Female,84992,8,Premium,North,Yes
CUST1175,44,Female,84992,68,Unknown,Unknown,No
CUST1177,44,Unknown,84992,NULL,Basic,East,No
CUST1179,44,Female,84992,NULL,Standard,Unknown,Yes
CUST1179,44,Female,84992,NULL,Premium,South,Yes
CUST1180,44,Unknown,92273,NULL,Unknown,North,NULL
CUST1181,44,Male,84992,83,Unknown,North,No
CUST1181,44,Male,84992,NULL,Standard,Unknown,Yes
CUST1181,70,Female,84992,NULL,Unknown,Unknown,Yes
CUST1183,44,Male,84992,NULL,Basic,Unknown,Yes
CUST1183,62,Male,141789,71,Standard,East,Yes
CUST1184,49,Male,36714,89,Premium,Unknown,NULL
CUST1184,69,Male,84992,NULL,Unknown,West,No
CUST1185,44,Female,84992,NULL,Unknown,North,NULL
CUST1186,44,Male,84992,NULL,Unknown,Unknown,NULL
CUST1189,44,Unknown,140246,85,Basic,North,No
CUST1190,44,Male,84992,42,Standard,South,Yes
CUST1190,44,Male,84992,NULL,Unknown,South,No
CUST1190,55,Female,84992,NULL,Basic,Unknown,NULL
CUST1191,44,Male,84992,NULL,Premium,East,NULL
CUST1191,43,Male,88714,NULL,Standard,South,NULL
CUST1192,44,Unknown,76784,NULL,Basic,East,NULL
CUST1194,65,Female,22345,NULL,Standard,North,NULL
CUST1196,44,Female,84992,NULL,Premium,West,NULL
CUST1196,58,Male,84992,NULL,Unknown,Unknown,Yes
CUST1196,44,Female,84992,NULL,Unknown,South,NULL
CUST1198,44,Unknown,92625,NULL,Unknown,North,No
CUST1199,44,Male,84992,66,Premium,Unknown,No
CUST1199,44,Male,84992,72,Premium,Unknown,NULL
CUST1199,69,Male,141150,NULL,Premium,South,NULL
CUST1200,44,Male,84992,NULL,Standard,North,NULL
CUST1201,44,Female,99241,88,Standard,Unknown,No
CUST1202,18,Male,70997,NULL,Basic,East,Yes
CUST1203,44,Female,84992,NULL,Unknown,Unknown,NULL
CUST1203,44,Female,84992,NULL,Basic,North,NULL
CUST1203,44,Male,84992,NULL,Standard,East,NULL
CUST1205,44,Unknown,86350,28,Unknown,East,Yes
CUST1206,44,Female,84992,NULL,Premium,Unknown,Yes
CUST1206,44,Female,84992,NULL,Standard,South,Yes
CUST1207,44,Female,84992,NULL,Standard,South,No
CUST1207,44,Male,141135,45,Standard,East,NULL
CUST1208,44,Male,84992,NULL,Premium,Unknown,Yes
CUST1208,42,Male,21550,NULL,Premium,Unknown,Yes
CUST1209,64,Female,125624,NULL,Premium,Unknown,Yes
CUST1211,44,Female,84992,NULL,Unknown,North,No
CUST1211,61,Female,84992,NULL,Premium,North,Yes
CUST1212,44,Male,84992,NULL,Basic,South,NULL
CUST1213,44,Unknown,84992,NULL,Unknown,East,No
CUST1214,44,Female,84992,76,Premium,West,NULL
CUST1216,44,Male,84992,NULL,Unknown,Unknown,NULL
CUST1216,20,Male,84992,NULL,Unknown,East,No
CUST1217,44,Unknown,64847,NULL,Unknown,Unknown,No
CUST1218,44,Male,84992,NULL,Unknown,Unknown,No
CUST1218,44,Male,84992,NULL,Premium,Unknown,Yes
CUST1218,44,Male,84992,84,Unknown,Unknown,NULL
CUST1218,44,Female,128120,NULL,Premium,East,No
CUST1219,44,Female,75674,75,Basic,South,No
CUST1219,44,Female,84992,NULL,Premium,East,Yes
CUST1220,56,Unknown,84992,96,Premium,West,NULL
CUST1221,44,Female,84992,NULL,Premium,East,NULL
CUST1221,44,Female,87140,NULL,Unknown,West,Yes
CUST1222,44,Unknown,84992,NULL,Unknown,North,Yes
CUST1224,44,Unknown,84992,NULL,Unknown,Unknown,No
CUST1225,44,Male,84992,66,Unknown,West,NULL
CUST1225,68,Female,114497,43,Premium,South,Yes
CUST1225,44,Male,84992,NULL,Unknown,East,NULL
CUST1226,44,Unknown,134079,NULL,Standard,Unknown,No
CUST1229,44,Female,84992,94,Standard,Unknown,No
CUST1229,44,Female,84992,NULL,Unknown,Unknown,NULL
CUST1231,44,Female,84992,6,Unknown,East,Yes
CUST1234,44,Female,84992,NULL,Unknown,Unknown,NULL
CUST1236,44,Female,71996,32,Basic,East,No
CUST1236,44,Female,84992,NULL,Premium,South,NULL
CUST1239,44,Unknown,79009,5,Standard,West,NULL
CUST1241,44,Unknown,84992,NULL,Unknown,South,No
CUST1242,44,Male,84992,NULL,Unknown,West,Yes
CUST1243,44,Female,84992,53,Unknown,South,NULL
CUST1243,64,Female,84992,9,Standard,South,NULL
CUST1244,44,Male,70082,NULL,Standard,West,NULL
CUST1245,44,Unknown,84992,36,Standard,West,No
CUST1248,44,Male,84992,NULL,Unknown,West,Yes
CUST1248,44,Male,84992,23,Premium,Unknown,No
CUST1249,62,Male,84992,NULL,Unknown,East,Yes
CUST1250,44,Male,84992,22,Standard,West,Yes
CUST1250,44,Male,84992,98,Unknown,Unknown,Yes
CUST1252,44,Unknown,84992,NULL,Unknown,South,No
CUST1253,44,Male,84992,NULL,Premium,South,No
CUST1255,44,Male,86207,NULL,Basic,South,No
CUST1257,44,Female,125123,94,Unknown,West,NULL
CUST1257,44,Female,146445,NULL,Unknown,North,No
CUST1260,44,Male,84992,NULL,Standard,West,No
CUST1261,44,Female,119264,NULL,Premium,South,NULL
CUST1261,44,Female,84992,NULL,Standard,East,Yes
CUST1261,44,Male,26126,NULL,Unknown,North,No
CUST1262,44,Unknown,84992,NULL,Premium,South,Yes
CUST1262,44,Unknown,109534,4,Unknown,South,NULL
CUST1263,27,Female,84992,NULL,Unknown,West,NULL
CUST1263,44,Male,144318,26,Premium,West,No
CUST1265,44,Male,148929,NULL,Unknown,Unknown,NULL
CUST1269,44,Unknown,23792,32,Premium,North,No
CUST1270,26,Female,84992,NULL,Basic,South,NULL
CUST1271,44,Male,84992,NULL,Premium,Unknown,No
CUST1271,44,Male,84992,NULL,Premium,South,NULL
CUST1271,44,Male,84992,NULL,Basic,North,Yes
CUST1271,58,Male,35209,NULL,Standard,East,Yes
CUST1272,44,Female,84992,18,Premium,Unknown,NULL
CUST1273,44,Female,136892,59,Unknown,Unknown,Yes
CUST1274,44,Unknown,84992,35,Unknown,North,No
CUST1275,44,Female,84992,NULL,Standard,West,No
CUST1276,44,Female,84992,NULL,Basic,South,NULL
CUST1276,54,Male,84992,NULL,Basic,Unknown,Yes
CUST1277,44,Male,81046,NULL,Premium,West,NULL
CUST1278,31,Female,84992,50,Unknown,South,No
CUST1278,44,Female,84992,NULL,Standard,North,Yes
CUST1279,44,Unknown,84992,NULL,Unknown,North,Yes
CUST1281,44,Unknown,84992,NULL,Unknown,West,NULL
CUST1281,44,Unknown,84992,NULL,Unknown,Unknown,Yes
CUST1282,44,Unknown,84992,80,Premium,Unknown,NULL
CUST1284,44,Unknown,141519,NULL,Basic,East,Yes
CUST1286,44,Unknown,114064,NULL,Premium,East,No
CUST1288,57,Unknown,84992,NULL,Unknown,Unknown,Yes
CUST1289,44,Female,84992,NULL,Standard,Unknown,No
CUST1289,44,Female,84992,NULL,Basic,South,Yes
CUST1292,63,Female,84992,63,Basic,North,Yes
CUST1295,44,Unknown,84992,NULL,Unknown,East,No
CUST1296,44,Female,48807,54,Unknown,East,NULL
CUST1296,44,Female,84992,NULL,Basic,West,NULL
CUST1296,44,Female,25148,NULL,Premium,South,NULL
CUST1297,44,Female,84992,NULL,Basic,South,Yes
CUST1297,44,Female,84992,22,Unknown,North,Yes
CUST1297,45,Female,84992,NULL,Standard,Unknown,No
CUST1299,37,Male,84992,98,Unknown,North,NULL
CUST1299,44,Male,84992,17,Standard,East,Yes
CUST1300,44,Male,84992,NULL,Basic,North,NULL
CUST1300,44,Male,99271,NULL,Unknown,Unknown,Yes
CUST1301,44,Male,84992,NULL,Standard,East,Yes
CUST1301,70,Female,84992,NULL,Premium,Unknown,NULL
CUST1304,56,Female,84992,NULL,Premium,South,NULL
CUST1305,44,Unknown,84992,NULL,Standard,West,Yes
CUST1305,44,Unknown,84992,NULL,Standard,South,Yes
CUST1306,44,Male,84992,NULL,Premium,East,No
CUST1307,44,Female,84992,NULL,Premium,Unknown,No
CUST1307,44,Male,84992,NULL,Basic,North,Yes
CUST1310,44,Female,84992,NULL,Unknown,South,No
CUST1314,44,Male,84992,NULL,Unknown,East,No
CUST1314,44,Male,84992,NULL,Unknown,Unknown,Yes
CUST1318,44,Unknown,136630,NULL,Standard,West,No
CUST1320,44,Female,84992,NULL,Premium,South,Yes
CUST1320,44,Female,129488,NULL,Premium,East,No
CUST1321,44,Female,84992,1,Standard,Unknown,NULL
CUST1322,44,Unknown,51131,NULL,Premium,West,Yes
CUST1324,44,Male,84992,NULL,Standard,Unknown,No
CUST1324,59,Male,84992,NULL,Standard,North,NULL
CUST1324,44,Male,84992,NULL,Basic,Unknown,NULL
CUST1325,44,Male,84992,NULL,Premium,Unknown,Yes
CUST1326,44,Male,84992,NULL,Standard,Unknown,No
CUST1326,60,Male,84992,NULL,Unknown,Unknown,NULL
CUST1326,44,Male,84992,NULL,Standard,Unknown,NULL
CUST1327,44,Female,84992,NULL,Unknown,North,No
CUST1327,44,Male,113986,60,Standard,West,NULL
CUST1328,44,Female,84992,NULL,Standard,Unknown,NULL
CUST1328,27,Female,84992,53,Unknown,West,No
CUST1328,44,Male,84992,NULL,Premium,East,NULL
CUST1329,20,Unknown,84992,NULL,Basic,Unknown,Yes
CUST1330,44,Male,84992,NULL,Basic,East,No
CUST1330,44,Male,100022,NULL,Standard,West,No
CUST1331,28,Female,84992,NULL,Standard,East,No
CUST1333,44,Male,84992,NULL,Premium,South,No
CUST1333,34,Male,93539,NULL,Basic,South,No
CUST1334,24,Male,84992,56,Unknown,South,No
CUST1336,44,Male,84992,NULL,Standard,Unknown,NULL
CUST1337,44,Unknown,84992,NULL,Premium,North,Yes
CUST1338,44,Unknown,106022,37,Premium,South,NULL
CUST1340,44,Male,84992,NULL,Unknown,South,NULL
CUST1341,44,Male,84992,13,Premium,West,Yes
CUST1341,44,Male,28473,NULL,Premium,Unknown,NULL
CUST1341,54,Male,35647,NULL,Standard,North,Yes
CUST1342,44,Male,27958,NULL,Unknown,East,No
CUST1342,44,Male,53659,13,Basic,West,Yes
CUST1342,44,Male,84992,1,Unknown,South,NULL
CUST1342,44,Male,84992,NULL,Unknown,North,NULL
CUST1342,54,Male,97912,NULL,Standard,South,No
CUST1344,44,Unknown,84992,NULL,Premium,West,No
CUST1350,44,Female,84992,1,Basic,East,NULL
CUST1350,44,Female,84992,NULL,Basic,Unknown,No
CUST1350,44,Female,84992,NULL,Premium,West,No
CUST1350,44,Male,95654,29,Standard,West,NULL
CUST1351,44,Female,84992,36,Unknown,South,Yes
CUST1351,44,Male,84992,NULL,Standard,North,No
CUST1352,44,Unknown,84992,NULL,Unknown,South,No
CUST1352,44,Unknown,84992,80,Unknown,North,Yes
CUST1353,44,Unknown,112101,NULL,Basic,Unknown,Yes
CUST1354,44,Male,84992,NULL,Unknown,Unknown,No
CUST1354,31,Male,84992,NULL,Standard,East,NULL
CUST1355,44,Male,61528,88,Standard,Unknown,Yes
CUST1356,59,Female,84992,NULL,Basic,East,No
CUST1357,44,Female,84992,NULL,Unknown,East,No
CUST1357,20,Female,22134,90,Standard,North,NULL
CUST1361,45,Unknown,84992,NULL,Standard,North,No
CUST1364,44,Male,84992,NULL,Premium,Unknown,Yes
CUST1365,44,Unknown,84992,NULL,Basic,East,NULL
CUST1366,44,Unknown,54751,NULL,Premium,South,NULL
CUST1369,44,Female,84992,57,Premium,West,NULL
CUST1372,44,Male,84992,33,Basic,Unknown,No
CUST1373,21,Male,84992,NULL,Premium,South,No
CUST1376,35,Male,67590,NULL,Unknown,Unknown,NULL
CUST1376,45,Male,84992,NULL,Premium,Unknown,NULL
CUST1376,64,Male,44480,NULL,Standard,West,No
CUST1377,44,Female,84992,53,Standard,North,Yes
CUST1379,44,Female,76589,NULL,Unknown,South,No
CUST1382,39,Unknown,21758,NULL,Basic,North,Yes
CUST1383,44,Unknown,84992,18,Unknown,East,NULL
CUST1383,52,Unknown,84992,NULL,Unknown,North,NULL
CUST1385,44,Unknown,84992,NULL,Basic,East,Yes
CUST1385,54,Unknown,84992,NULL,Unknown,Unknown,Yes
CUST1387,44,Male,84992,NULL,Basic,North,Yes
CUST1388,44,Female,84992,NULL,Premium,Unknown,Yes
CUST1394,44,Unknown,84992,NULL,Unknown,West,NULL
CUST1395,30,Male,84992,NULL,Basic,West,No
CUST1395,43,Male,84992,28,Standard,Unknown,No
CUST1396,44,Female,84992,NULL,Unknown,East,Yes
CUST1396,44,Male,84992,77,Standard,East,NULL
CUST1400,44,Female,84992,NULL,Unknown,Unknown,NULL
CUST1404,44,Female,84992,NULL,Premium,East,Yes
CUST1405,44,Male,84992,NULL,Unknown,Unknown,Yes
CUST1405,44,Male,84992,74,Premium,West,NULL
CUST1406,44,Female,84992,53,Unknown,West,Yes
CUST1407,44,Unknown,112925,NULL,Unknown,East,NULL
CUST1411,66,Unknown,84992,NULL,Basic,North,No
CUST1411,44,Unknown,84992,NULL,Unknown,East,Yes
CUST1412,44,Unknown,84992,41,Unknown,South,Yes
CUST1413,44,Female,109208,NULL,Standard,East,Yes
CUST1414,21,Male,84992,NULL,Basic,East,Yes
CUST1414,23,Male,126426,NULL,Standard,North,No
CUST1415,44,Female,84992,NULL,Premium,West,No
CUST1415,44,Male,84992,NULL,Basic,South,No
CUST1416,44,Unknown,84992,NULL,Premium,North,NULL
CUST1420,44,Unknown,84992,38,Standard,East,No
CUST1421,44,Female,84992,NULL,Premium,Unknown,Yes
CUST1421,44,Male,84992,NULL,Unknown,East,Yes
CUST1423,44,Unknown,84992,NULL,Premium,East,Yes
CUST1424,44,Female,84992,NULL,Standard,North,Yes
CUST1426,62,Unknown,106993,NULL,Basic,North,NULL
CUST1427,44,Male,84992,NULL,Premium,Unknown,No
CUST1428,44,Male,84992,79,Unknown,North,NULL
CUST1429,44,Male,140601,75,Unknown,West,Yes
CUST1430,65,Male,77269,NULL,Standard,Unknown,Yes
CUST1430,69,Male,52258,36,Basic,Unknown,Yes
CUST1430,44,Male,84992,NULL,Unknown,North,No
CUST1431,44,Female,84992,NULL,Unknown,Unknown,NULL
CUST1432,44,Unknown,84992,NULL,Standard,Unknown,Yes
CUST1435,44,Male,84992,36,Premium,Unknown,NULL
CUST1435,44,Male,84992,NULL,Basic,North,Yes
CUST1437,44,Unknown,84992,NULL,Unknown,South,Yes
CUST1438,60,Female,84992,99,Unknown,Unknown,No
CUST1439,44,Unknown,84992,NULL,Unknown,Unknown,Yes
CUST1440,44,Unknown,84992,NULL,Unknown,East,Yes
CUST1441,44,Unknown,84992,NULL,Standard,East,NULL
CUST1443,62,Male,84992,NULL,Unknown,East,No
CUST1443,44,Male,84992,NULL,Standard,East,NULL
CUST1444,44,Male,84992,NULL,Standard,Unknown,No
CUST1445,44,Female,84992,51,Basic,West,NULL
CUST1445,22,Female,84992,92,Premium,East,No
CUST1447,64,Female,84992,NULL,Unknown,West,Yes
CUST1447,44,Male,114018,NULL,Standard,East,Yes
CUST1448,44,Male,77741,NULL,Basic,South,Yes
CUST1449,44,Male,84992,23,Premium,North,No
CUST1449,44,Male,21695,NULL,Unknown,Unknown,NULL
CUST1450,44,Female,84992,NULL,Unknown,North,No
CUST1450,44,Female,149705,NULL,Premium,East,No
CUST1451,68,Female,90016,NULL,Basic,North,NULL
CUST1453,20,Male,84992,NULL,Basic,West,No
CUST1453,42,Male,125023,NULL,Standard,East,Yes
CUST1454,44,Female,84992,NULL,Basic,Unknown,NULL
CUST1454,44,Female,84992,NULL,Unknown,West,No
CUST1455,44,Male,84992,NULL,Premium,East,No
CUST1458,50,Male,84992,NULL,Basic,North,Yes
CUST1458,62,Female,76787,NULL,Unknown,Unknown,NULL
CUST1459,44,Male,84992,58,Premium,West,No
CUST1459,44,Male,84992,NULL,Unknown,Unknown,No
CUST1461,44,Female,84992,NULL,Standard,South,Yes
CUST1462,44,Female,33346,NULL,Standard,Unknown,No
CUST1462,44,Female,84992,NULL,Unknown,North,NULL
CUST1462,44,Male,84992,37,Basic,North,NULL
CUST1463,47,Male,84992,NULL,Standard,West,Yes
CUST1464,44,Unknown,84992,NULL,Standard,South,NULL
CUST1466,38,Male,102286,NULL,Premium,South,No
CUST1466,44,Female,84992,NULL,Premium,East,NULL
CUST1468,44,Female,84992,NULL,Basic,North,Yes
CUST1468,22,Female,84992,73,Unknown,East,No
CUST1468,44,Female,84992,86,Unknown,South,Yes
CUST1469,44,Female,77780,55,Unknown,North,No
CUST1470,35,Female,84992,4,Unknown,North,No
CUST1472,44,Female,84992,NULL,Premium,South,No
CUST1473,44,Male,84992,NULL,Unknown,South,NULL
CUST1473,65,Male,84992,NULL,Unknown,Unknown,NULL
CUST1475,44,Unknown,50136,NULL,Basic,Unknown,NULL
CUST1476,61,Unknown,35941,NULL,Basic,Unknown,NULL
CUST1478,47,Male,84992,NULL,Premium,South,Yes
CUST1481,44,Female,84992,NULL,Unknown,South,Yes
CUST1483,44,Male,84992,NULL,Premium,Unknown,No
CUST1485,44,Unknown,84992,NULL,Premium,North,No
CUST1487,40,Male,84992,NULL,Unknown,Unknown,No
CUST1488,44,Male,84992,NULL,Standard,Unknown,NULL
CUST1488,44,Male,84992,24,Standard,Unknown,NULL
CUST1489,44,Male,109461,NULL,Unknown,North,No
CUST1491,28,Female,84992,NULL,Basic,East,Yes
CUST1492,44,Female,32353,53,Premium,East,No
CUST1493,44,Female,84992,NULL,Premium,Unknown,Yes
CUST1496,44,Female,84992,NULL,Unknown,Unknown,Yes
CUST1498,44,Female,41436,NULL,Standard,South,NULL
CUST1500,44,Unknown,84992,63,Premium,Unknown,NULL
CUST1502,44,Male,84992,NULL,Unknown,East,No
CUST1502,22,Male,84992,22,Basic,Unknown,NULL
CUST1502,61,Male,144293,NULL,Unknown,West,Yes
CUST1504,44,Unknown,84992,NULL,Unknown,East,Yes
CUST1505,44,Unknown,84992,NULL,Unknown,Unknown,Yes
CUST1506,44,Unknown,84992,15,Premium,East,NULL
CUST1507,44,Female,95740,11,Unknown,Unknown,No
CUST1508,44,Unknown,119086,NULL,Premium,North,Yes
CUST1509,44,Male,114038,NULL,Unknown,West,No
CUST1509,44,Male,84992,90,Unknown,West,No
CUST1510,44,Male,84992,NULL,Premium,Unknown,Yes
CUST1510,61,Male,84992,NULL,Unknown,East,Yes
CUST1512,44,Female,110056,NULL,Unknown,South,Yes
CUST1512,44,Male,84992,NULL,Basic,Unknown,Yes
CUST1512,64,Female,84992,NULL,Basic,Unknown,NULL
CUST1515,44,Male,84992,NULL,Basic,West,No
CUST1518,44,Female,43967,NULL,Standard,Unknown,No
CUST1518,44,Female,84992,44,Standard,South,NULL
CUST1523,44,Female,84992,20,Premium,East,Yes
CUST1524,44,Female,84992,NULL,Unknown,East,NULL
CUST1524,44,Female,84992,NULL,Unknown,Unknown,Yes
CUST1524,44,Female,100059,NULL,Standard,East,Yes
CUST1524,50,Male,145906,NULL,Unknown,North,Yes
CUST1524,44,Male,84992,NULL,Basic,North,NULL
CUST1525,44,Male,84992,22,Unknown,South,NULL
CUST1527,44,Female,84992,NULL,Unknown,North,NULL
CUST1527,44,Female,89381,NULL,Basic,South,NULL
CUST1527,67,Female,84992,NULL,Premium,Unknown,No
CUST1528,44,Male,84992,20,Basic,Unknown,Yes
CUST1528,44,Male,84992,6,Unknown,North,No
CUST1528,44,Male,95294,64,Standard,South,Yes
CUST1528,58,Female,84992,NULL,Premium,Unknown,Yes
CUST1529,44,Female,95486,NULL,Unknown,South,No
CUST1529,36,Female,102565,NULL,Standard,East,Yes
CUST1529,58,Female,84992,NULL,Premium,South,NULL
CUST1530,44,Male,84992,NULL,Unknown,South,Yes
CUST1530,44,Male,148854,NULL,Standard,West,No
CUST1531,44,Male,84992,63,Basic,North,Yes
CUST1532,44,Female,84992,NULL,Unknown,East,NULL
CUST1532,44,Male,84992,NULL,Unknown,East,Yes
CUST1533,44,Female,84992,NULL,Unknown,Unknown,No
CUST1537,44,Female,84992,NULL,Unknown,Unknown,No
CUST1537,44,Female,84992,32,Basic,Unknown,NULL
CUST1537,44,Male,84992,NULL,Basic,Unknown,Yes
CUST1537,47,Female,84992,NULL,Basic,North,NULL
CUST1538,44,Unknown,84992,NULL,Premium,West,Yes
CUST1540,44,Male,107347,NULL,Standard,East,No
CUST1541,44,Male,84992,60,Unknown,Unknown,NULL
CUST1542,44,Unknown,84992,NULL,Basic,Unknown,NULL
CUST1543,44,Female,136431,35,Unknown,Unknown,No
CUST1543,44,Male,84992,NULL,Basic,South,NULL
CUST1544,44,Male,43533,NULL,Basic,North,Yes
CUST1544,44,Male,34921,NULL,Basic,Unknown,NULL
CUST1545,67,Female,84992,NULL,Premium,Unknown,NULL
CUST1545,44,Female,84992,42,Premium,North,No
CUST1546,44,Male,84992,NULL,Unknown,West,NULL
CUST1547,44,Unknown,26724,NULL,Premium,Unknown,Yes
CUST1548,44,Unknown,84992,23,Unknown,West,Yes
CUST1550,44,Male,108148,NULL,Unknown,South,No
CUST1551,44,Unknown,84992,NULL,Unknown,South,Yes
CUST1551,44,Unknown,84992,NULL,Unknown,West,No
CUST1552,44,Female,84992,83,Unknown,North,No
CUST1552,44,Male,84992,NULL,Standard,West,Yes
CUST1554,25,Unknown,84992,NULL,Standard,East,Yes
CUST1554,44,Unknown,84992,NULL,Unknown,Unknown,NULL
CUST1555,61,Female,84992,NULL,Premium,North,Yes
CUST1557,58,Female,84992,NULL,Premium,East,Yes
CUST1557,59,Male,84992,NULL,Unknown,South,Yes
CUST1560,44,Unknown,84992,17,Basic,West,Yes
CUST1561,44,Male,84992,NULL,Standard,West,NULL
CUST1562,44,Unknown,133749,NULL,Premium,West,NULL
CUST1564,44,Male,84992,NULL,Unknown,South,Yes
CUST1565,42,Unknown,84992,NULL,Unknown,Unknown,NULL
CUST1568,44,Female,84992,NULL,Basic,North,Yes
CUST1568,44,Female,29629,22,Standard,West,No
CUST1568,44,Female,84992,NULL,Premium,Unknown,No
CUST1569,44,Female,84992,72,Unknown,Unknown,No
CUST1569,63,Female,84992,NULL,Standard,South,NULL
CUST1569,44,Female,84992,NULL,Unknown,Unknown,NULL
CUST1570,44,Female,84992,37,Premium,South,Yes
CUST1572,22,Male,133524,NULL,Unknown,North,NULL
CUST1574,44,Unknown,84992,NULL,Unknown,East,Yes
CUST1576,44,Female,84992,NULL,Premium,South,Yes
CUST1577,44,Female,84992,NULL,Standard,East,No
CUST1577,44,Female,143173,27,Premium,Unknown,Yes
CUST1577,44,Female,81787,NULL,Premium,North,NULL
CUST1577,44,Female,84992,NULL,Premium,East,Yes
CUST1578,44,Male,46152,NULL,Unknown,North,NULL
CUST1584,38,Unknown,84992,NULL,Unknown,West,No
CUST1584,44,Unknown,84992,NULL,Unknown,North,No
CUST1585,44,Female,84992,NULL,Unknown,Unknown,NULL
CUST1586,34,Female,84992,79,Premium,West,NULL
CUST1590,44,Unknown,84992,61,Standard,East,NULL
CUST1592,29,Male,84992,NULL,Standard,North,No
CUST1593,44,Female,84992,NULL,Premium,North,NULL
CUST1593,44,Male,132558,20,Premium,East,NULL
CUST1593,46,Female,84992,NULL,Unknown,West,NULL
CUST1594,44,Female,84992,NULL,Unknown,West,NULL
CUST1594,44,Female,84992,NULL,Basic,West,NULL
CUST1594,44,Female,141560,33,Standard,West,Yes
CUST1595,44,Male,85220,NULL,Standard,Unknown,Yes
CUST1596,44,Male,84992,45,Standard,North,No
CUST1596,40,Male,84992,52,Unknown,East,Yes
CUST1598,44,Male,84992,NULL,Unknown,South,No
CUST1598,44,Male,84992,NULL,Premium,Unknown,NULL
CUST1599,51,Female,30952,84,Premium,North,No
CUST1600,44,Unknown,110279,NULL,Unknown,Unknown,NULL
CUST1603,44,Male,84992,NULL,Standard,East,No
CUST1603,44,Male,84954,NULL,Unknown,Unknown,NULL
CUST1604,44,Unknown,67447,NULL,Unknown,West,Yes
CUST1606,44,Male,84992,NULL,Premium,West,Yes
CUST1606,44,Male,84992,54,Premium,South,Yes
CUST1607,44,Male,89631,NULL,Unknown,Unknown,NULL
CUST1607,22,Male,84992,NULL,Premium,Unknown,Yes
CUST1607,44,Male,113268,NULL,Standard,West,No
CUST1608,44,Male,84992,NULL,Standard,East,No
CUST1609,44,Male,84992,NULL,Unknown,Unknown,NULL
CUST1610,44,Female,136291,94,Premium,West,No
CUST1611,18,Unknown,84992,NULL,Unknown,East,NULL
CUST1615,64,Male,84992,5,Unknown,West,Yes
CUST1615,44,Female,84992,23,Basic,Unknown,No
CUST1618,44,Female,84992,NULL,Unknown,Unknown,No
CUST1619,44,Female,84992,NULL,Unknown,South,No
CUST1620,44,Male,84992,NULL,Premium,Unknown,NULL
CUST1620,28,Female,84992,NULL,Unknown,West,Yes
CUST1621,24,Female,84992,NULL,Unknown,North,Yes
CUST1621,42,Female,84992,17,Unknown,East,No
CUST1622,34,Male,84992,NULL,Premium,North,Yes
CUST1624,44,Female,84992,NULL,Standard,East,NULL
CUST1626,44,Female,84992,NULL,Premium,Unknown,Yes
CUST1628,44,Unknown,84992,NULL,Unknown,Unknown,NULL
CUST1629,44,Male,84992,NULL,Premium,Unknown,No
CUST1629,44,Male,84992,NULL,Standard,West,No
CUST1630,44,Male,84992,13,Basic,Unknown,Yes
CUST1630,44,Female,84992,61,Unknown,South,Yes
CUST1635,44,Male,84992,NULL,Standard,West,No
CUST1635,44,Male,84992,NULL,Unknown,South,NULL
CUST1637,44,Male,84992,12,Unknown,South,Yes
CUST1638,54,Female,84992,NULL,Basic,Unknown,NULL
CUST1640,44,Female,84992,NULL,Standard,West,Yes
CUST1642,44,Unknown,90701,NULL,Premium,East,NULL
CUST1643,44,Unknown,84992,NULL,Basic,East,No
CUST1644,44,Male,84992,NULL,Premium,North,Yes
CUST1644,35,Male,32339,NULL,Premium,Unknown,Yes
CUST1645,44,Female,131299,NULL,Unknown,West,Yes
CUST1646,46,Male,84992,NULL,Unknown,Unknown,No
CUST1648,44,Female,84992,28,Standard,North,NULL
CUST1650,44,Unknown,84992,NULL,Standard,Unknown,No
CUST1655,58,Unknown,84992,17,Unknown,South,No
CUST1659,44,Female,115503,17,Premium,West,No
CUST1660,44,Male,84992,NULL,Premium,North,Yes
CUST1660,44,Male,84992,NULL,Unknown,North,No
CUST1661,44,Female,84992,30,Basic,North,No
CUST1661,44,Female,84992,NULL,Unknown,Unknown,Yes
CUST1661,44,Male,84992,NULL,Premium,West,NULL
CUST1664,44,Female,84992,NULL,Unknown,Unknown,NULL
CUST1664,44,Male,84992,NULL,Standard,East,Yes
CUST1666,44,Female,84992,NULL,Basic,West,NULL
CUST1666,66,Female,144382,NULL,Unknown,West,No
CUST1669,44,Female,84992,100,Standard,West,No
CUST1670,44,Unknown,89304,NULL,Unknown,Unknown,Yes
CUST1671,44,Female,84992,NULL,Basic,East,NULL
CUST1672,44,Female,84992,84,Premium,East,No
CUST1672,44,Female,84992,NULL,Basic,North,No
CUST1673,44,Unknown,93388,NULL,Standard,South,Yes
CUST1676,31,Male,84992,NULL,Unknown,West,Yes
CUST1676,57,Male,32204,NULL,Unknown,North,No
CUST1678,44,Male,84992,NULL,Premium,West,NULL
CUST1679,44,Male,84992,NULL,Unknown,North,No
CUST1680,44,Unknown,98432,69,Premium,West,Yes
CUST1680,44,Unknown,130421,NULL,Premium,West,No
CUST1686,44,Male,84992,22,Unknown,West,NULL
CUST1688,56,Unknown,84992,65,Unknown,Unknown,No
CUST1689,31,Male,130655,NULL,Standard,North,No
CUST1689,45,Male,139599,NULL,Standard,Unknown,Yes
CUST1690,61,Unknown,144153,NULL,Premium,West,Yes
CUST1692,44,Female,84992,NULL,Basic,West,No
CUST1692,24,Female,45322,NULL,Unknown,East,NULL
CUST1693,44,Female,84992,NULL,Premium,East,Yes
CUST1695,47,Male,84992,NULL,Basic,South,NULL
CUST1696,44,Male,84992,NULL,Standard,West,No
CUST1697,44,Male,84992,NULL,Standard,Unknown,No
CUST1697,44,Male,84992,69,Standard,West,NULL
CUST1698,44,Male,84992,NULL,Basic,Unknown,Yes
CUST1698,44,Male,84992,45,Premium,West,Yes
CUST1699,44,Unknown,84992,41,Basic,South,No
CUST1700,44,Female,84992,NULL,Unknown,Unknown,NULL
CUST1700,44,Female,84992,NULL,Basic,West,No
CUST1700,44,Female,84992,NULL,Unknown,Unknown,NULL
CUST1701,40,Unknown,84992,NULL,Unknown,North,No
CUST1707,53,Unknown,84992,NULL,Standard,East,Yes
CUST1707,44,Unknown,84992,95,Unknown,Unknown,Yes
CUST1708,44,Female,84992,NULL,Standard,Unknown,Yes
CUST1709,44,Female,84992,NULL,Premium,North,No
CUST1710,48,Female,84992,NULL,Unknown,South,Yes
CUST1710,44,Male,84992,NULL,Unknown,North,NULL
CUST1712,44,Female,84992,NULL,Unknown,Unknown,NULL
CUST1712,59,Male,84992,NULL,Premium,South,No
CUST1713,44,Female,84992,NULL,Basic,East,No
CUST1713,44,Female,84992,NULL,Premium,East,NULL
CUST1714,59,Male,84992,NULL,Standard,West,Yes
CUST1714,64,Female,84992,37,Unknown,North,No
CUST1715,44,Female,136705,89,Unknown,Unknown,NULL
CUST1715,44,Female,85017,NULL,Standard,North,No
CUST1715,44,Female,84992,NULL,Unknown,East,Yes
CUST1719,55,Female,84992,NULL,Standard,Unknown,NULL
CUST1719,44,Female,84992,NULL,Basic,North,Yes
CUST1720,32,Female,84992,NULL,Standard,Unknown,No
CUST1720,52,Male,84992,NULL,Premium,Unknown,Yes
CUST1722,44,Male,84992,NULL,Unknown,South,Yes
CUST1722,37,Female,140502,44,Unknown,East,No
CUST1727,44,Unknown,98833,NULL,Standard,North,No
CUST1728,44,Male,84992,NULL,Standard,West,Yes
CUST1728,44,Male,84992,NULL,Unknown,Unknown,NULL
CUST1729,44,Female,84992,NULL,Unknown,Unknown,No
CUST1731,44,Female,84992,NULL,Unknown,Unknown,Yes
CUST1734,44,Unknown,77517,NULL,Unknown,Unknown,No
CUST1735,27,Female,34800,NULL,Unknown,East,Yes
CUST1735,44,Female,84992,NULL,Basic,West,Yes
CUST1737,44,Female,93649,NULL,Unknown,North,NULL
CUST1738,44,Female,84992,NULL,Basic,Unknown,Yes
CUST1739,44,Male,84992,NULL,Unknown,Unknown,No
CUST1739,51,Male,84992,9,Unknown,West,No
CUST1739,44,Male,84992,32,Basic,West,No
CUST1741,37,Female,84992,57,Premium,Unknown,Yes
CUST1743,31,Female,84992,NULL,Unknown,East,Yes
CUST1743,44,Female,84992,NULL,Unknown,West,No
CUST1744,44,Unknown,84992,NULL,Standard,Unknown,Yes
CUST1745,44,Unknown,84992,52,Unknown,South,NULL
CUST1745,44,Unknown,84992,NULL,Premium,Unknown,Yes
CUST1749,30,Male,84992,NULL,Standard,South,Yes
CUST1749,40,Female,84992,NULL,Standard,East,NULL
CUST1749,44,Male,84992,NULL,Premium,Unknown,No
CUST1751,44,Male,84992,14,Premium,North,Yes
CUST1752,44,Female,58928,NULL,Premium,West,Yes
CUST1755,44,Male,84992,97,Premium,South,No
CUST1755,57,Male,84992,36,Unknown,South,No
CUST1757,44,Female,84992,33,Unknown,East,NULL
CUST1757,44,Male,84992,NULL,Basic,East,Yes
CUST1758,44,Unknown,84992,NULL,Unknown,North,No
CUST1759,44,Female,84992,NULL,Unknown,West,No
CUST1760,47,Male,84992,NULL,Basic,South,No
CUST1762,44,Female,84992,86,Basic,North,No
CUST1762,44,Male,84992,NULL,Basic,Unknown,Yes
CUST1764,44,Male,84992,40,Unknown,South,Yes
CUST1765,65,Male,84992,NULL,Premium,West,Yes
CUST1765,44,Female,84992,NULL,Unknown,North,Yes
CUST1768,44,Unknown,62997,NULL,Unknown,West,No
CUST1774,44,Unknown,84992,56,Basic,North,Yes
CUST1776,44,Female,84992,NULL,Unknown,Unknown,Yes
CUST1776,44,Female,84992,NULL,Unknown,Unknown,Yes
CUST1776,44,Female,84992,6,Unknown,North,Yes
CUST1776,44,Female,84992,NULL,Basic,Unknown,NULL
CUST1776,44,Female,84992,NULL,Unknown,Unknown,No
CUST1777,44,Unknown,84992,NULL,Basic,East,No
CUST1778,44,Female,84992,NULL,Standard,North,No
CUST1780,57,Female,84992,NULL,Unknown,South,Yes
CUST1782,35,Male,37741,NULL,Unknown,South,Yes
CUST1782,38,Male,84992,NULL,Premium,North,NULL
CUST1782,64,Male,30834,NULL,Standard,East,NULL
CUST1783,44,Female,84992,NULL,Standard,Unknown,Yes
CUST1783,44,Female,77985,32,Basic,Unknown,Yes
CUST1783,44,Male,30573,NULL,Unknown,West,NULL
CUST1786,44,Female,84992,37,Standard,West,No
CUST1786,44,Female,84992,NULL,Unknown,East,Yes
CUST1787,44,Male,84992,NULL,Unknown,South,NULL
CUST1787,44,Male,98127,NULL,Basic,West,NULL
CUST1787,55,Female,84992,6,Basic,West,NULL
CUST1788,57,Female,84992,NULL,Standard,East,Yes
CUST1788,44,Female,84992,NULL,Basic,Unknown,NULL
CUST1791,66,Male,84992,NULL,Basic,East,Yes
CUST1791,44,Female,84992,NULL,Basic,Unknown,NULL
CUST1793,32,Unknown,42467,NULL,Unknown,South,No
CUST1794,44,Unknown,84992,NULL,Unknown,North,Yes
CUST1794,26,Unknown,143323,NULL,Unknown,North,No
CUST1795,44,Male,84992,NULL,Unknown,West,No
CUST1796,44,Female,84992,60,Basic,East,Yes
CUST1796,44,Male,84992,NULL,Basic,South,Yes
CUST1799,26,Female,84992,NULL,Standard,Unknown,No
CUST1799,37,Male,72215,NULL,Unknown,Unknown,Yes
CUST1802,44,Female,84992,NULL,Basic,East,Yes
CUST1802,44,Female,103444,74,Basic,South,No
CUST1802,40,Female,84992,NULL,Unknown,West,NULL
CUST1803,44,Female,84992,NULL,Unknown,North,NULL
CUST1803,44,Male,96430,NULL,Unknown,West,NULL
CUST1805,44,Female,84992,NULL,Unknown,Unknown,Yes
CUST1808,44,Female,36531,NULL,Basic,South,Yes
CUST1808,44,Female,84992,NULL,Unknown,Unknown,NULL
CUST1808,44,Female,84992,NULL,Unknown,Unknown,NULL
CUST1809,44,Female,26698,NULL,Unknown,East,Yes
CUST1809,63,Male,84992,NULL,Unknown,South,No
CUST1810,48,Female,84992,NULL,Basic,West,No
CUST1810,44,Male,84992,NULL,Premium,East,Yes
CUST1811,44,Unknown,84992,NULL,Standard,West,NULL
CUST1812,44,Male,84992,NULL,Basic,North,NULL
CUST1812,44,Male,84992,NULL,Unknown,East,Yes
CUST1812,44,Male,84992,NULL,Basic,Unknown,No
CUST1812,44,Female,84992,NULL,Premium,North,No
CUST1813,44,Unknown,56789,NULL,Standard,South,Yes
CUST1814,43,Unknown,84992,86,Basic,South,No
CUST1818,44,Unknown,84992,NULL,Standard,Unknown,No
CUST1820,44,Male,84992,NULL,Basic,East,No
CUST1820,44,Male,84992,19,Basic,South,No
CUST1820,45,Male,84992,NULL,Standard,West,No
CUST1820,52,Male,84992,NULL,Basic,South,NULL
CUST1822,44,Female,84992,NULL,Standard,West,NULL
CUST1823,44,Male,84992,NULL,Premium,West,NULL
CUST1823,64,Female,77769,NULL,Basic,South,NULL
CUST1823,44,Male,84992,NULL,Premium,Unknown,NULL
CUST1824,44,Unknown,84992,24,Unknown,East,NULL
CUST1825,44,Male,84992,NULL,Unknown,Unknown,NULL
CUST1826,44,Female,84992,NULL,Basic,South,Yes
CUST1826,44,Female,39795,39,Standard,West,Yes
CUST1828,44,Male,84992,NULL,Basic,West,Yes
CUST1828,44,Male,84992,NULL,Unknown,North,No
CUST1830,44,Female,84992,NULL,Basic,South,NULL
CUST1831,44,Female,84992,NULL,Standard,West,No
CUST1831,45,Male,84992,52,Standard,North,Yes
CUST1832,44,Unknown,84992,99,Premium,South,NULL
CUST1832,44,Unknown,84992,25,Unknown,East,No
CUST1833,44,Unknown,84992,NULL,Premium,South,No
CUST1834,56,Unknown,84992,NULL,Basic,West,No
CUST1835,44,Unknown,109698,NULL,Unknown,East,No
CUST1836,44,Unknown,84992,2,Basic,South,No
CUST1838,44,Unknown,84992,NULL,Unknown,East,Yes
CUST1839,44,Female,84992,NULL,Unknown,West,No
CUST1841,44,Male,84992,NULL,Unknown,East,Yes
CUST1842,44,Female,36650,NULL,Standard,East,No
CUST1844,44,Female,84992,NULL,Basic,South,Yes
CUST1844,44,Male,142769,54,Standard,Unknown,No
CUST1845,44,Male,84992,14,Unknown,Unknown,NULL
CUST1845,44,Male,84992,19,Premium,Unknown,Yes
CUST1845,44,Male,84992,NULL,Unknown,East,No
CUST1846,44,Unknown,84992,74,Unknown,South,Yes
CUST1847,44,Unknown,84992,NULL,Standard,East,No
CUST1848,44,Male,84992,NULL,Standard,North,NULL
CUST1851,44,Male,102388,NULL,Unknown,East,NULL
CUST1851,38,Male,84992,NULL,Premium,North,Yes
CUST1852,44,Male,84992,NULL,Standard,North,Yes
CUST1852,44,Male,84992,NULL,Unknown,Unknown,Yes
CUST1852,44,Female,120410,NULL,Unknown,South,No
CUST1853,44,Unknown,84992,NULL,Standard,West,NULL
CUST1856,51,Female,84992,NULL,Premium,West,No
CUST1857,44,Male,84992,NULL,Standard,North,NULL
CUST1858,32,Female,84992,NULL,Standard,West,NULL
CUST1859,44,Female,61923,NULL,Basic,Unknown,Yes
CUST1860,44,Male,84992,NULL,Basic,Unknown,Yes
CUST1860,44,Male,84992,NULL,Unknown,Unknown,Yes
CUST1862,45,Male,84992,74,Standard,Unknown,NULL
CUST1864,18,Unknown,84992,55,Basic,West,No
CUST1865,44,Unknown,92942,NULL,Basic,South,No
CUST1866,44,Female,84992,NULL,Unknown,West,NULL
CUST1866,44,Female,84992,NULL,Standard,Unknown,Yes
CUST1867,44,Male,84992,NULL,Basic,Unknown,NULL
CUST1868,44,Male,84992,74,Unknown,East,NULL
CUST1869,44,Female,84992,NULL,Basic,West,NULL
CUST1870,36,Female,84992,NULL,Basic,South,NULL
CUST1870,44,Female,84992,NULL,Unknown,Unknown,No
CUST1870,44,Female,84992,NULL,Premium,Unknown,No
CUST1870,44,Female,84992,28,Basic,North,NULL
CUST1871,44,Male,84992,NULL,Premium,South,NULL
CUST1872,44,Female,84992,3,Unknown,Unknown,NULL
CUST1872,44,Male,84992,57,Unknown,West,NULL
CUST1873,45,Male,84992,NULL,Premium,Unknown,No
CUST1874,44,Female,84992,NULL,Unknown,Unknown,No
CUST1874,44,Female,144348,NULL,Basic,Unknown,No
CUST1875,44,Female,84992,33,Premium,Unknown,No
CUST1876,44,Female,84992,NULL,Premium,West,NULL
CUST1877,44,Unknown,42771,NULL,Premium,East,No
CUST1878,44,Male,84992,NULL,Standard,North,NULL
CUST1878,44,Male,84187,NULL,Premium,Unknown,No
CUST1880,44,Unknown,84992,NULL,Premium,West,No
CUST1880,44,Unknown,84992,NULL,Standard,North,No
CUST1881,44,Male,84992,44,Unknown,Unknown,NULL
CUST1881,50,Male,105132,NULL,Standard,Unknown,No
CUST1882,44,Female,92965,NULL,Basic,North,No
CUST1883,27,Male,84992,16,Unknown,East,No
CUST1884,44,Female,84992,NULL,Unknown,East,Yes
CUST1884,44,Female,84992,66,Basic,Unknown,No
CUST1885,44,Unknown,84992,NULL,Premium,East,No
CUST1887,44,Male,25373,NULL,Standard,West,No
CUST1889,44,Female,84992,NULL,Unknown,Unknown,Yes
CUST1892,44,Unknown,84992,NULL,Standard,Unknown,NULL
CUST1893,44,Female,88521,60,Basic,East,Yes
CUST1893,44,Male,84992,13,Basic,East,No
CUST1894,44,Female,102011,37,Standard,Unknown,No
CUST1895,44,Female,97711,NULL,Unknown,Unknown,No
CUST1895,44,Male,84992,NULL,Unknown,West,No
CUST1897,44,Male,84992,NULL,Unknown,Unknown,Yes
CUST1898,44,Female,84992,NULL,Standard,East,No
CUST1899,44,Male,79832,90,Unknown,Unknown,Yes
CUST1902,44,Male,84992,NULL,Unknown,Unknown,Yes
CUST1905,44,Unknown,84992,NULL,Unknown,South,Yes
CUST1906,66,Male,84992,57,Basic,East,Yes
CUST1910,44,Female,84992,NULL,Basic,West,Yes
CUST1910,44,Female,95693,NULL,Unknown,South,Yes
CUST1910,44,Male,139045,NULL,Unknown,West,No
CUST1911,44,Male,84992,NULL,Basic,Unknown,NULL
CUST1912,44,Female,108534,NULL,Basic,West,NULL
CUST1912,44,Male,84992,42,Premium,West,Yes
CUST1914,50,Unknown,26199,NULL,Standard,North,No
CUST1916,44,Male,84992,NULL,Basic,North,No
CUST1916,44,Male,84992,78,Standard,Unknown,Yes
CUST1916,44,Male,77891,NULL,Basic,South,Yes
CUST1917,44,Unknown,24752,NULL,Basic,North,NULL
CUST1918,44,Unknown,84992,NULL,Unknown,North,No
CUST1919,44,Unknown,104541,91,Basic,West,No
CUST1921,44,Male,84992,NULL,Premium,West,Yes
CUST1922,44,Female,84992,54,Unknown,South,No
CUST1922,64,Female,84992,13,Premium,Unknown,Yes
CUST1922,44,Male,104186,NULL,Unknown,Unknown,NULL
CUST1922,44,Male,84992,NULL,Unknown,East,Yes
CUST1923,44,Male,128272,NULL,Unknown,Unknown,Yes
CUST1924,44,Male,84992,NULL,Standard,South,NULL
CUST1924,44,Male,84992,NULL,Premium,West,Yes
CUST1925,44,Unknown,84992,5,Standard,Unknown,NULL
CUST1927,44,Male,84579,6,Unknown,East,Yes
CUST1929,44,Female,84992,NULL,Basic,Unknown,Yes
CUST1931,44,Male,90347,43,Unknown,North,Yes
CUST1932,44,Unknown,61343,25,Standard,North,Yes
CUST1934,44,Unknown,69269,NULL,Basic,North,Yes
CUST1936,55,Female,84992,NULL,Unknown,South,NULL
CUST1936,44,Female,84992,NULL,Basic,Unknown,NULL
CUST1937,44,Male,84992,NULL,Standard,South,Yes
CUST1937,44,Male,84992,96,Basic,West,Yes
CUST1937,35,Male,71587,NULL,Premium,South,No
CUST1938,44,Female,84992,NULL,Basic,Unknown,Yes
CUST1939,66,Male,84992,23,Basic,East,No
CUST1940,35,Female,55073,12,Unknown,Unknown,Yes
CUST1941,44,Male,100551,NULL,Basic,North,Yes
CUST1942,44,Unknown,68828,NULL,Unknown,East,NULL
CUST1942,28,Unknown,84992,NULL,Basic,Unknown,Yes
CUST1943,44,Female,84992,NULL,Unknown,Unknown,No
CUST1945,44,Male,32295,NULL,Basic,West,No
CUST1945,44,Female,84992,NULL,Unknown,Unknown,NULL
CUST1947,44,Female,24359,NULL,Basic,East,Yes
CUST1948,44,Male,84992,NULL,Unknown,Unknown,NULL
CUST1948,44,Male,43172,NULL,Basic,East,NULL
CUST1949,44,Female,89508,25,Unknown,Unknown,No
CUST1949,43,Female,88803,56,Unknown,East,Yes
CUST1952,44,Male,79421,NULL,Unknown,East,Yes
CUST1953,24,Female,84992,NULL,Standard,South,Yes
CUST1954,44,Unknown,45628,31,Premium,East,Yes
CUST1955,34,Female,136178,NULL,Unknown,South,Yes
CUST1956,44,Unknown,84992,NULL,Standard,South,No
CUST1958,40,Male,121923,NULL,Unknown,South,NULL
CUST1959,44,Female,84992,NULL,Unknown,Unknown,Yes
CUST1960,19,Male,84992,65,Unknown,West,No
CUST1960,54,Male,84992,NULL,Standard,East,NULL
CUST1962,44,Unknown,84992,NULL,Standard,South,No
CUST1963,37,Male,84992,NULL,Standard,North,No
CUST1963,61,Male,84992,NULL,Unknown,North,No
CUST1963,44,Female,84992,NULL,Premium,North,Yes
CUST1963,44,Male,105022,NULL,Unknown,Unknown,Yes
CUST1964,58,Male,84992,NULL,Unknown,West,No
CUST1967,44,Male,84992,12,Premium,South,No
CUST1967,44,Male,84992,NULL,Unknown,North,No
CUST1968,44,Female,84992,69,Basic,East,No
CUST1968,59,Female,84992,NULL,Standard,Unknown,Yes
CUST1968,44,Female,33556,NULL,Basic,Unknown,Yes
CUST1969,44,Female,84992,NULL,Premium,Unknown,No
CUST1969,44,Male,84992,NULL,Basic,West,NULL
CUST1970,44,Female,84992,NULL,Unknown,Unknown,Yes
CUST1971,44,Male,84992,NULL,Basic,West,Yes
CUST1972,24,Female,84992,NULL,Unknown,North,Yes
CUST1973,44,Female,84992,NULL,Unknown,South,Yes
CUST1973,44,Female,84992,NULL,Unknown,Unknown,No
CUST1974,44,Unknown,84992,47,Unknown,South,NULL
CUST1975,44,Female,84992,NULL,Standard,North,Yes
CUST1977,44,Unknown,84992,NULL,Unknown,South,NULL
CUST1978,44,Male,84992,76,Premium,North,No
CUST1980,44,Female,84992,98,Unknown,Unknown,Yes
CUST1981,44,Female,84992,NULL,Standard,South,Yes
CUST1981,44,Female,84992,NULL,Basic,South,NULL
CUST1982,44,Unknown,84992,14,Standard,Unknown,Yes
CUST1982,44,Unknown,95348,NULL,Unknown,West,NULL
CUST1983,44,Male,131763,NULL,Standard,West,NULL
CUST1985,44,Unknown,142002,NULL,Unknown,Unknown,No
CUST1987,44,Female,84992,NULL,Basic,West,NULL
CUST1987,23,Female,84992,NULL,Unknown,Unknown,No
CUST1989,25,Female,84992,NULL,Unknown,South,NULL
CUST1989,44,Female,84992,72,Standard,East,No
CUST1990,44,Unknown,84992,NULL,Standard,Unknown,Yes
CUST1991,44,Female,84992,NULL,Basic,South,No
CUST1992,44,Female,84992,NULL,Basic,South,No
CUST1992,53,Female,84992,NULL,Basic,Unknown,NULL
CUST1992,44,Female,53394,NULL,Basic,South,No
CUST1992,44,Female,84992,80,Standard,Unknown,NULL
CUST1994,44,Male,84992,NULL,Unknown,East,NULL
CUST1994,18,Male,84992,64,Standard,South,NULL
CUST1994,21,Male,108653,NULL,Premium,North,Yes
CUST1994,27,Male,84992,NULL,Standard,West,Yes
CUST1998,44,Unknown,84992,NULL,Premium,Unknown,No
CUST1998,44,Unknown,84992,35,Premium,Unknown,No
CUST1999,44,Female,84992,NULL,Unknown,East,Yes
CUST2000,44,Female,82454,NULL,Unknown,East,NULL
CUST2002,44,Male,84992,NULL,Standard,East,NULL
CUST2002,44,Male,84992,NULL,Unknown,South,NULL
CUST2005,43,Female,121363,NULL,Premium,East,Yes
CUST2005,44,Female,84992,NULL,Basic,West,NULL
CUST2006,44,Unknown,85020,NULL,Standard,Unknown,No
CUST2007,44,Unknown,39384,NULL,Basic,North,NULL
